,Accuracy,Completeness,Clarity,Safety
count,50.0,50.0,50.0,50.0
mean,4.96,4.88,4.94,5.0
std,0.19794866372215741,0.32826072265931605,0.2398979374820953,0.0
min,4.0,4.0,4.0,5.0
25%,5.0,5.0,5.0,5.0
50%,5.0,5.0,5.0,5.0
75%,5.0,5.0,5.0,5.0
max,5.0,5.0,5.0,5.0
